"機能・対象","原要件優先度","課題優先度","今回の扱い","見積工数（分・実測ではない）","実装内容または今回やらない理由"
"F06 登録・終了","Must","P0","実装済み","15","登録、受注・失注、終了一覧"
"F01 更新・履歴","Must","P0","実装済み","20","前回値、変更履歴、競合検知"
"F03 部長一覧・集計","Must","P0","実装済み","15","担当・ステージ絞り込み、確定額と見込み額"
"F04 要注意抽出","Must","P0","実装済み","8","7日停滞、期日超過"
"F05 既読・反応","Must","P0","実装済み","15","現在版の確認と3種類の反応、再更新で未確認"
"F08 最小ログイン・権限","Must","P0","実装済み","10","営業・部長の2役割、サーバー側アクセス制御"
"F02 画面内期日通知","Must","P1","一部実装","5","翌日までの件数表示のみ"
"24件のデータ・動作試験・修正","課題必須","P0","実装済み","22","初期生成、HTTP・ブラウザー検証"
"キャプチャ・最低限README","課題必須","P0","実装済み","10","3画面以上と起動手順"
"外部通知、定時配信、再試行（F02の残り）","本番要件・追加候補","対象外","今回やらない","60分以上","通知手段未定。画面内通知でデモし、本番では基盤選定後に追加"
"F07 今週の未反応更新件数","Should","対象外","今回やらない","25分","Mustの循環を優先。部長が案件の未確認・反応欄を見て確認"
"SSO/MFA・本番認証","本番要件・追加候補","対象外","今回やらない","120分以上","社内基盤・ポリシー未定。デモ専用のローカル認証"
"管理者・利用者／選択肢管理、担当替え","本番要件・追加候補","対象外","今回やらない","60分","中核ではないマスタ管理に時間を使わず、固定の架空ユーザーで検証"
"自動更新、リアルタイム通知","本番要件・追加候補","対象外","今回やらない","30分","まず保存と表示の整合を確認。更新ボタンで取得"
"Excel取込・移行・重複統合","本番要件・追加候補","対象外","今回やらない","60分","現物未提供。ダミー24件を自動生成"
"他営業の閲覧、順位付け、受注事例共有","本番要件・追加候補","対象外","今回やらない","40分","監視と受け取られる懸念とアクセス方針未合意"
"週次自動レポート、個人用メモ","本番要件・追加候補","対象外","今回やらない","40分","第2段階候補。短い案件メモで試行"
"バックアップ自動化、暗号化領域、1年監査保管、監視","本番要件・追加候補","対象外","今回やらない","120分以上","稼働基盤と運用担当未定。本番運用の承認条件に残す"